{"epoch_godecoder_type1transient_10go_scalingFalse": [[209.76709801278298, 184.9490677291309, 182.55468512037785, 151.60370076188576, 168.5630707408442, 178.73435901402232, 153.79357254014764, 171.23728318870863, 133.71841846019475, 181.10846722196695, 156.93042173684586, 182.7221274046158, 162.86534863055758, 258.639492635513, 147.89159438342875, 92.92599289064717, 198.63933462860194, 216.357812803859, 184.45262253298242, 145.31130496156942, 111.08772923508475, 177.7604422282892, 135.8976665391139, 159.91996073647906, 140.1141228484946, 234.80525073577186, 250.94176351779552, 195.0605711983808, 109.15475551996448, 202.1665868297318], [0.08687442541122437, 0.13261207938194275, 0.13093245029449463, 0.029635459184646606, 0.09588441252708435, 0.1343088299036026, 0.2023029625415802, 0.11821144819259644, 0.1362730860710144, 0.2624513804912567, 0.10156264901161194, 0.08355462551116943, 0.025892481207847595, 0.25520384311676025, 0.11125126481056213, 0.10100692510604858, 0.06794938445091248, 0.1827523410320282, 0.11228065192699432, 0.10612741112709045, 0.08085539937019348, 0.1749233901500702, 0.07759490609169006, 0.12932023406028748, 0.10714131593704224, 0.11502555012702942, 0.14192160964012146, 0.10613170266151428, 0.0643799901008606, 0.13989949226379395], [89.99408073046777, 78.53440983158788, 73.09448517656372, 86.39860084948135, 67.57290561001204, 85.44375406389192, 86.40833386904862, 84.79052160186106, 84.10459302427336, 79.03867586782076, 84.39939764922946, 71.9671419634856, 82.17298820623708, 57.36475076332111, 84.15020502755071, 82.68619496009349, 76.59183572974456, 78.93680359635002, 78.88201181882818, 73.70605348465749, 85.3887505505058, 63.12619291314529, 78.88246944150256, 77.01137326932341, 88.94497050414297, 59.75748214279247, 76.8600914093968, 64.9299912314323, 86.75518453548021, 87.04973644343701]], "epoch_godecoder_type2transient_10go_scalingFalse": [[127.04727553888415, 142.862004184708, 111.37736881019256, 60.0967875109258, 97.54608761623079, 169.7891527096055, 143.3786356789066, 108.27057571365492, 103.95843627405159, 155.8142802933889, 91.80607654776902, 107.98502747300479, 54.90034343546986, 245.14222254902725, 99.6033141964579, 87.39009300717245, 108.25520932670699, 193.80490566412908, 155.7342726693862, 82.13220602735566, 89.9609555391289, 123.35219873077844, 96.59179401490417, 90.8627172074476, 99.5110536555712, 123.37150815993053, 143.22357458192727, 85.7585556366387, 63.88264559084992, 187.04055594102033], [0.08687442541122437, 0.13261207938194275, 0.13093245029449463, 0.029635459184646606, 0.09588441252708435, 0.1343088299036026, 0.2023029625415802, 0.11821144819259644, 0.1362730860710144, 0.2624513804912567, 0.10156264901161194, 0.08355462551116943, 0.025892481207847595, 0.25520384311676025, 0.11125126481056213, 0.10100692510604858, 0.06794938445091248, 0.1827523410320282, 0.11228065192699432, 0.10612741112709045, 0.08085539937019348, 0.1749233901500702, 0.07759490609169006, 0.12932023406028748, 0.10714131593704224, 0.11502555012702942, 0.14192160964012146, 0.10613170266151428, 0.0643799901008606, 0.13989949226379395], [89.99408073046777, 78.53440983158788, 73.09448517656372, 86.39860084948135, 67.57290561001204, 85.44375406389192, 86.40833386904862, 84.79052160186106, 84.10459302427336, 79.03867586782076, 84.39939764922946, 71.9671419634856, 82.17298820623708, 57.36475076332111, 84.15020502755071, 82.68619496009349, 76.59183572974456, 78.93680359635002, 78.88201181882818, 73.70605348465749, 85.3887505505058, 63.12619291314529, 78.88246944150256, 77.01137326932341, 88.94497050414297, 59.75748214279247, 76.8600914093968, 64.9299912314323, 86.75518453548021, 87.04973644343701]]}